,SalePrice
OverallQual,0.7976658974197098
GrLivArea,0.7349973806579478
GarageCars,0.6582036563047226
GarageArea,0.6479528331764807
TotalBsmtSF,0.6421266119769794
1stFlrSF,0.627749095492003
ExterQual_TA,0.5917376873718733
TotRmsAbvGrd,0.5703750379696997
FullBath,0.5599798350976868
KitchenQual_TA,0.5289127751589403
YearBuilt,0.5271931928727538
YearRemodAdd,0.5261947492983661
Foundation_PConc,0.49732235845743544
Fireplaces,0.47301149666579617
BsmtQual_TA,0.4582388885802307
Neighborhood_NridgHt,0.4559810628172397
ExterQual_Gd,0.43265966702967656
BsmtFinType1_GLQ,0.42900176689483294
GarageFinish_Unf,0.41256227052370686
BsmtFinSF1,0.38986762538028785
SaleType_New,0.38239021302384885
FireplaceQu_Gd,0.37531143783122856
SaleCondition_Partial,0.37396338848033633
GarageType_Detchd,0.35458691869830256
Foundation_CBlock,0.35091955879722114
MasVnrType_Stone,0.34480986971021405
Exterior1st_VinylSd,0.3260955611511212
2ndFlrSF,0.3253288362625248
HeatingQC_TA,0.3252251773616858
WoodDeckSF,0.3249534068107877
GarageType_Attchd,0.32456411403779306
Exterior2nd_VinylSd,0.32324623023376237
OpenPorchSF,0.3195510986890165
KitchenQual_Gd,0.31473724418805604
HalfBath,0.3040080370497734
MSZoning_RM,0.2991970325159971
BsmtExposure_Gd,0.29241027144959786
GarageCond_TA,0.2889394778355399
Neighborhood_NoRidge,0.278216547563429
LotArea,0.265493220707543
GarageType_BuiltIn,0.2626507005078659
SaleType_WD,0.2572673658361369
HouseStyle_2Story,0.256882987141468
BsmtExposure_No,0.25397445681389696
GarageQual_TA,0.25192840217327495
CentralAir_Y,0.24976918094374695
Electrical_SBrkr,0.24966343054974066
MSZoning_RL,0.24835717825094486
PavedDrive_Y,0.24230522997171886
Neighborhood_StoneBr,0.2403640430417683
LotShape_Reg,0.23549005928550573
BsmtQual_Gd,0.23366390730730366
RoofStyle_Hip,0.2288809308313998
BsmtUnfSF,0.2212192367051065
BsmtFullBath,0.21656572158828274
RoofStyle_Gable,0.21446084145425667
MasVnrType_BrkFace,0.21361524771995027
RoofMatl_WdShngl,0.20353282925722269
Neighborhood_OldTown,0.18779258792724854
Neighborhood_NAmes,0.18748281123858915
Neighborhood_IDOTRR,0.17843859433204803
Neighborhood_Edwards,0.17339679860078258
BedroomAbvGr,0.17328662405935588
Exterior1st_Wd Sdng,0.17163212955620188
GarageFinish_RFn,0.17113053416180599
Exterior1st_MetalSd,0.1702447693090396
Fence_MnPrv,0.16812430520820051
Exterior2nd_MetalSd,0.16688065597474327
Exterior1st_CemntBd,0.16071575606049843
KitchenQual_Fa,0.1589705806278531
Exterior2nd_Wd Sdng,0.1580171704799465
Neighborhood_BrkSide,0.15086330666431758
ExterCond_Fa,0.150328759955882
Neighborhood_Somerst,0.14690530871117477
FireplaceQu_TA,0.1453536025726566
SaleCondition_Normal,0.1435438772825179
Exterior2nd_CmentBd,0.14296115131144546
BsmtQual_Fa,0.14265645305876748
LotShape_IR2,0.14110029075163522
ScreenPorch,0.140744074348252
BsmtFinType1_Rec,0.13778600076400593
HeatingQC_Fa,0.13513730177301195
HeatingQC_Gd,0.13273266975897852
KitchenAbvGr,0.13265366527956887
Neighborhood_Sawyer,0.13106453216100586
ExterCond_TA,0.1287312245795229
LotConfig_CulDSac,0.12831240502887323
GarageQual_Fa,0.12651066154509877
Condition1_Norm,0.12475463266166914
Electrical_FuseF,0.12422627376221752
ExterQual_Fa,0.12292627544174707
GarageCond_Fa,0.12213323569037694
BsmtFinType1_BLQ,0.12211262759843153
Condition1_Feedr,0.12165172107280288
Exterior1st_HdBoard,0.11372410276604845
BldgType_Duplex,0.1133224596934313
Fence_GdWo,0.11177657109138864
EnclosedPorch,0.11171234439323426
Functional_Typ,0.11119390738524039
Neighborhood_Timber,0.10858151535861624
Neighborhood_MeadowV,0.1084480358585853
BldgType_Twnhs,0.10689738639319157
BsmtFinType2_Unf,0.10528843254221461
HouseStyle_1.5Unf,0.10314684847891853
Foundation_Slab,0.10245358608526213
BldgType_2fmCon,0.10071924877503241
MSZoning_FV,0.10007730887222203
Neighborhood_BrDale,0.09943099320556584
OverallCond,0.09581575229152983
BsmtCond_TA,0.09580341385648278
BsmtFinType1_LwQ,0.09520542303668783
Exterior2nd_HdBoard,0.09403691395454832
Heating_Grav,0.08997142837285114
MiscFeature_Shed,0.08996192148718603
PavedDrive_P,0.08929329497288445
HouseStyle_SFoyer,0.0891958068869909
FireplaceQu_Po,0.08857090085012984
LandContour_HLS,0.08145776503088833
MSSubClass,0.08125201087004587
BsmtCond_Gd,0.07843612199632854
Functional_Maj2,0.0760336273228351
BsmtFinType1_Unf,0.07550603974564453
GarageCond_Po,0.07344953638275827
HouseStyle_1Story,0.07238509857157768
ExterCond_Gd,0.06958848506099025
BsmtFinType2_BLQ,0.06894361435664509
Functional_Min1,0.06858160920877064
MSZoning_RH,0.06656744938279653
GarageType_CarPort,0.06612405345857403
BsmtCond_Po,0.06598217245935097
Neighborhood_Veenker,0.06465487183774993
LandContour_Low,0.06346559877092238
SaleCondition_AdjLand,0.061720729643993916
Exterior1st_Stucco,0.06141095339853926
Exterior2nd_Plywood,0.0613492805422578
Condition2_Feedr,0.05916968530808182
Neighborhood_CollgCr,0.05911171287417932
Electrical_FuseP,0.05806726488615817
Exterior2nd_Stucco,0.05733504824479204
Condition2_PosN,0.05722770186266906
Condition2_PosA,0.05626492875285448
GarageQual_Po,0.056130575626541696
Functional_Min2,0.055657844821198274
LotConfig_Inside,0.055100014063891124
BsmtExposure_Mn,0.05478293714166337
SaleCondition_Family,0.05451235253659908
Exterior2nd_Other,0.0538994571915383
Fence_MnWw,0.053730595755400366
Neighborhood_SWISU,0.052408782100883865
Exterior2nd_BrkFace,0.0520237220159852
Neighborhood_ClearCr,0.05147920491685369
SaleType_ConLD,0.05127847548795312
Heating_Wall,0.049944667595703686
Neighborhood_Mitchel,0.049523042888223665
MiscFeature_Othr,0.049247384775545064
SaleType_Con,0.048706905800331296
Condition1_RRAe,0.04831033597016429
Exterior1st_BrkComm,0.04821006520527721
Condition2_RRNn,0.047713362571196294
RoofStyle_Gambrel,0.04654787730451332
Electrical_Mix,0.04545034838374166
HouseStyle_2.5Fin,0.04490380557515477
Condition1_PosN,0.04483344869301547
Exterior1st_BrkFace,0.044639994023267286
Exterior2nd_Brk Cmn,0.044594399944456915
HouseStyle_SLvl,0.04411363661985742
Neighborhood_Crawfor,0.04384945289483133
Street_Pave,0.04258231254496099
ExterCond_Po,0.04170501841165767
LandSlope_Mod,0.04056741823430638
MiscVal,0.03952096762815393
MoSold,0.03931403314679538
BsmtFinType2_LwQ,0.03917398718394261
LotShape_IR3,0.038311506504167245
HeatingQC_Po,0.037565443179354396
GarageCond_Gd,0.03732231993507355
FireplaceQu_Fa,0.036602796364154026
Neighborhood_NPkVill,0.03658009038768934
Alley_Pave,0.03608243662704465
Exterior1st_WdShing,0.0359358755754322
SaleType_CWD,0.03411974920261393
YrSold,0.030562330357874673
SaleType_ConLw,0.030528483668036923
Condition1_PosA,0.029295522330228797
Condition2_Norm,0.0290866135990096
LowQualFinSF,0.028580460481146826
LandSlope_Sev,0.027693006955445493
GarageQual_Gd,0.027458601332201824
Exterior1st_Plywood,0.027423753573435603
LandContour_Lvl,0.026863402886155036
RoofMatl_WdShake,0.025779987765472415
Neighborhood_NWAmes,0.025425702467224354
Neighborhood_Gilbert,0.02512068677723843
Neighborhood_Blueste,0.024981942634026696
SaleCondition_Alloca,0.024827488922180098
Exterior2nd_Wd Shng,0.024547919857995714
RoofMatl_Membran,0.023345449524537553
Foundation_Stone,0.021199435670607465
Functional_Sev,0.021007142250140973
Functional_Mod,0.0205321786808713
GarageType_Basment,0.019919266291190264
Exterior2nd_Stone,0.019648007972941656
Utilities_NoSeWa,0.01765605753827637
BsmtFinType2_Rec,0.01763026343984473
HouseStyle_2.5Unf,0.01718755397751831
SaleType_ConLI,0.015993163782645863
Foundation_Wood,0.015487708607069845
Exterior2nd_AsphShn,0.014104330639553044
LotConfig_FR2,0.01368459496303468
BsmtFinType2_GLQ,0.013236590372760065
SaleType_Oth,0.01272799178553432
PoolArea,0.012493258641597378
Condition1_RRAn,0.010659745768041897
3SsnPorch,0.009682089684677812
Id,0.00952508245584132
BsmtHalfBath,0.009388620379388897
Condition1_RRNn,0.008461823801909376
LotConfig_FR3,0.008247154950221033
BldgType_TwnhsE,0.007638920210971315
Exterior2nd_ImStucc,0.006233812325878079
Neighborhood_SawyerW,0.005735825376315431
RoofMatl_Tar&Grv,0.005533742649221294
RoofStyle_Mansard,0.005045917526367234
Condition1_RRNe,0.004722305504728454
Heating_GasW,0.0009766832377067333
RoofMatl_Metal,0.0009006339789534252
PoolQC_Fa,0.0005063887187339637
BsmtFinSF2,0.0003591698094213454
